{"name":"a21f65c7-4fb6-49de-81ed-785472bf4b7f","id":"/providers/Microsoft.Flow/flows/a21f65c7-4fb6-49de-81ed-785472bf4b7f","type":"Microsoft.Flow/flows","properties":{"apiId":"/providers/Microsoft.PowerApps/apis/shared_logicflows","displayName":"GWFlow","definition":{"metadata":{"workflowEntityId":null,"processAdvisorMetadata":null,"flowChargedByPaygo":null,"flowclientsuspensionreason":"None","flowclientsuspensiontime":null,"flowclientsuspensionreasondetails":null,"creator":{"id":"29389a32-99fa-4e1a-b629-48f805fa6ab2","type":"User","tenantId":"621b0a64-1740-43cc-8d88-4540d3487556"},"provisioningMethod":"FromDefinition","failureAlertSubscription":true,"clientLastModifiedTime":"2024-06-27T18:57:24.5484403Z","connectionKeySavedTimeKey":"2024-06-27T18:57:24.5484403Z"},"$schema":"https://schema.management.azure.com/providers/Microsoft.Logic/schemas/2016-06-01/workflowdefinition.json#","contentVersion":"1.0.0.0","parameters":{"$connections":{"defaultValue":{},"type":"Object"},"$authentication":{"defaultValue":{},"type":"SecureObject"}},"triggers":{"manual":{"metadata":{"operationMetadataId":"121dcb59-befa-4812-a52c-744dd7e035c0"},"type":"Request","kind":"PowerApp","inputs":{"schema":{"type":"object","properties":{"Compose_Inputs":{"type":"any","description":"Inputs","x-ms-powerflows-param-ispartial":false}},"required":["Compose_Inputs"]}}}},"actions":{"Compose":{"runAfter":{},"metadata":{"operationMetadataId":"86a3f4b4-559a-4e34-958d-df8f56ed332f"},"type":"Compose","inputs":"@triggerBody()['Compose_Inputs']"},"Parse_JSON":{"runAfter":{"Compose":["Succeeded"]},"metadata":{"operationMetadataId":"f883aaec-007b-4802-a049-ae2a75f1adde"},"type":"ParseJson","inputs":{"content":"@outputs('Compose')","schema":{"type":"array","items":{"type":"object","properties":{"ApprovalManager":{"type":"string"},"ApprovedBy":{"type":"string"},"AssignedTo":{"type":"string"},"CascadeID":{"type":"string"},"Created":{"type":"string"},"Creator":{"type":"string"},"Detail":{"type":"string"},"DirectReport":{"type":"string"},"District_x002f_Division":{"type":"string"},"EndDate":{"type":"string"},"Goal":{"type":"string"},"ID":{"type":"integer"},"IsChosen":{"type":"boolean"},"ManagerTitle":{"type":"string"},"Modified":{"type":"string"},"StartDate":{"type":"string"},"Strategy":{"type":"string"},"SubmitTo":{"type":"string"},"Status_x002e_2":{"type":"string"},"Title":{"type":"string"},"{FilenameWithExtension}":{"type":"string"},"{FullPath}":{"type":"string"},"{HasAttachments}":{"type":"boolean"},"{Identifier}":{"type":"string"},"{IsFolder}":{"type":"boolean"},"{Link}":{"type":"string"},"{Name}":{"type":"string"},"{Path}":{"type":"string"},"{VersionNumber}":{"type":"string"}},"required":["Title"]}}}},"Create_CSV_table":{"runAfter":{"Parse_JSON":["Succeeded"]},"metadata":{"operationMetadataId":"4f4bf8bb-73b0-47cb-a2ab-9433ee0d86d1"},"type":"Table","inputs":{"from":"@body('Parse_JSON')","format":"CSV","columns":[{"header":"Title","value":"@item()['Title']"},{"header":"Goal","value":"@item()['Goal']"},{"header":"Strategy","value":"@item()['Strategy']"},{"header":"Detail","value":"@item()?['Detail']"},{"header":"District/Program","value":"@item()['District_x002f_Division']"},{"header":"ManagerTitle","value":"@item()['ManagerTitle']"},{"header":"ApprovalManager","value":"@item()['ApprovalManager']"},{"header":"DirectReport","value":"@item()?['DirectReport']"},{"header":"AssignedTo","value":"@item()['AssignedTo']"},{"header":"StartDate","value":"@item()['StartDate']"},{"header":"EndDate","value":"@item()['EndDate']"},{"header":"Status","value":"@item()?['Status_x002e_2']"}]}},"Create_file":{"runAfter":{"Create_CSV_table":["Succeeded"]},"metadata":{"operationMetadataId":"a0a24acc-6f91-4b1b-8830-cadb193088c5"},"type":"OpenApiConnection","inputs":{"host":{"apiId":"/providers/Microsoft.PowerApps/apis/shared_onedriveforbusiness","connectionName":"shared_onedriveforbusiness","operationId":"CreateFile"},"parameters":{"folderPath":"/","name":"GoalsWorksheet_@{utcNow()}.csv","body":"@body('Create_CSV_table')"},"authentication":{"value":"@json(decodeBase64(triggerOutputs().headers['X-MS-APIM-Tokens']))['$ConnectionKey']","type":"Raw"}},"runtimeConfiguration":{"contentTransfer":{"transferMode":"Chunked"}}},"Create_share_link":{"runAfter":{"Create_file":["Succeeded"]},"metadata":{"operationMetadataId":"81310fd1-a407-4584-a520-39be4b78ab79"},"type":"OpenApiConnection","inputs":{"host":{"apiId":"/providers/Microsoft.PowerApps/apis/shared_onedriveforbusiness","connectionName":"shared_onedriveforbusiness","operationId":"CreateShareLinkV2"},"parameters":{"id":"@outputs('Create_file')?['body/Id']","type":"Edit","scope":"Organization"},"authentication":{"value":"@json(decodeBase64(triggerOutputs().headers['X-MS-APIM-Tokens']))['$ConnectionKey']","type":"Raw"}}},"Respond_to_a_PowerApp_or_flow":{"runAfter":{"Create_share_link":["Succeeded"]},"metadata":{"operationMetadataId":"41b2ed6d-4e31-4756-8911-84dc68f7499c"},"type":"Response","kind":"PowerApp","inputs":{"statusCode":200,"body":{"filelink":"@outputs('Create_share_link')?['body/WebUrl']"},"schema":{"type":"object","properties":{"filelink":{"title":"FileLink","x-ms-dynamically-added":true,"type":"string"}}}}}},"outputs":{},"description":"Create one or more actions to happen when a button or link in PowerApps is selected. To use this flow from a PowerApp, select the control you want to trigger the flow and go to the Action tab in the PowerApps ribbon and select Flows."},"connectionReferences":{"shared_onedriveforbusiness":{"connectionName":"fcde35dc70a74c4f91a8f826b2f14d17","source":"Invoker","id":"/providers/Microsoft.PowerApps/apis/shared_onedriveforbusiness","tier":"NotSpecified","apiName":"onedriveforbusiness"}},"flowFailureAlertSubscribed":false,"isManaged":false}}