{"schemaVersion":"1.0","appDefinitionTemplate":{"id":"/providers/Microsoft.PowerApps/apps/","type":"Microsoft.PowerApps/apps","tags":{"primaryDeviceWidth":"1366","primaryDeviceHeight":"768","supportsPortrait":"true","supportsLandscape":"true","primaryFormFactor":"Tablet","showStatusBar":"false","publisherVersion":"3.24084.21","minimumRequiredApiVersion":"2.2.0","hasComponent":"false","hasUnlockedComponent":"false","isUnifiedRootApp":"false","sienaVersion":"20240917T154553Z-3.24084.21.0"},"properties":{"appVersion":"2024-09-17T15:45:53Z","lifeCycleId":"Published","createdByClientVersion":{"major":3,"minor":24084,"build":21,"revision":0,"majorRevision":0,"minorRevision":0},"minClientVersion":{"major":3,"minor":24084,"build":21,"revision":0,"majorRevision":0,"minorRevision":0},"backgroundColor":"RGBA(0,176,240,1)","backgroundImageUri":"/10007915661565879386/Nea4d8f5f-0edf-476c-8235-344b65750e0d-logoSmallFile","displayName":"Goals Worksheet","description":"","commitMessage":"","appUris":{"documentUri":{"value":"/10007915661565879386/N319f619b-c359-4425-a68d-4a676cdd0d50-document.msapp"},"imageUris":[],"additionalUris":[{"isSolutionAware":false,"value":"/10007915661565879386/Nc58a5af4-8e13-4c3d-bdd7-14020be80298-identity.json"}]},"createdTime":"0001-01-01T00:00:00Z","lastModifiedTime":"0001-01-01T00:00:00Z","sharedGroupsCount":0,"sharedUsersCount":0,"connectionReferences":{"e56f1592-eaf3-454e-8376-d2e1c625c463":{"id":"415e4ee6-cee9-43d3-bd4b-72886da1c888","displayName":"Logic flows","iconUri":"https://connectoricons-prod.azureedge.net/releases/v1.0.1697/1.0.1697.3784/logicflows/icon.png","dataSources":["GWFlow"],"dependencies":["9076e6b0-48e2-473d-b1a4-a5bbdaed654d"],"dependents":[],"parameterHints":{"workflowName":{"value":"2c1f309f-58c4-415c-8c3d-2c94fbf876a6"},"workflowEntityId":{},"workflowDisplayName":{"value":"GWFlow"},"9076e6b0-48e2-473d-b1a4-a5bbdaed654d":{"value":"shared_onedriveforbusiness"}},"parameterHintsV2":{"workflowName":{"value":"2c1f309f-58c4-415c-8c3d-2c94fbf876a6"},"workflowEntityId":{},"workflowDisplayName":{"value":"GWFlow"},"shared_onedriveforbusiness":{"value":"9076e6b0-48e2-473d-b1a4-a5bbdaed654d"}},"isOnPremiseConnection":false,"bypassConsent":false,"dataSets":{},"apiTier":"Standard","isCustomApiConnection":false,"actions":["Run"]},"9076e6b0-48e2-473d-b1a4-a5bbdaed654d":{"id":"a2d26827-ce31-42c2-ae13-58bf3f7d63a6","displayName":"OneDrive for Business","iconUri":"https://connectoricons-prod.azureedge.net/releases/v1.0.1689/1.0.1689.3722/onedriveforbusiness/icon.png","dataSources":[],"dependencies":[],"dependents":["e56f1592-eaf3-454e-8376-d2e1c625c463"],"parameterHints":{},"parameterHintsV2":{},"isOnPremiseConnection":false,"bypassConsent":false,"dataSets":{},"apiTier":"Standard","isCustomApiConnection":false},"4f52011e-6efa-4a6a-a405-6a10839b32d4":{"id":"99b61ff2-84f9-4d78-9d8b-361b17cbca72","displayName":"Office 365 Users","iconUri":"https://connectoricons-prod.azureedge.net/releases/v1.0.1702/1.0.1702.3810/office365users/icon.png","dataSources":["Office365Users"],"dependencies":[],"dependents":[],"parameterHints":{},"parameterHintsV2":{},"isOnPremiseConnection":false,"bypassConsent":false,"dataSets":{},"apiTier":"Standard","isCustomApiConnection":false,"actions":["MyProfile","SearchUserV2","SearchUser","UserProfile_V2","DirectReports_V2","Manager_V2"]},"6dfe2251-7646-48fa-a30f-46f625db6234":{"id":"b738e128-a2f1-4a09-948a-28589745bdb0","displayName":"Office 365 Outlook","iconUri":"https://connectoricons-prod.azureedge.net/releases/v1.0.1706/1.0.1706.3851/office365/icon.png","dataSources":["Office365Outlook"],"dependencies":[],"dependents":[],"parameterHints":{},"parameterHintsV2":{},"isOnPremiseConnection":false,"bypassConsent":false,"dataSets":{},"apiTier":"Standard","isCustomApiConnection":false,"actions":["SendEmailV2"]},"3b14a7e8-cd78-4fb8-9823-22d09e865e26":{"id":"579c536f-a287-4154-a86d-0513957e028e","displayName":"SharePoint","iconUri":"https://connectoricons-prod.azureedge.net/u/jayawan/releases/v1.0.1697/1.0.1697.3786/sharepointonline/icon.png","dataSources":["Goals Worksheet List","GW List","Performance Objectives"],"dependencies":[],"dependents":[],"parameterHints":{},"parameterHintsV2":{},"isOnPremiseConnection":false,"bypassConsent":false,"dataSets":{"https://caltrans.sharepoint.com/sites/DOTHQOSM":{"dataSources":{"Goals Worksheet List":{"tableName":"18022ce7-5ba3-451d-8fad-e68b7885d23b"},"Performance Objectives":{"tableName":"e3e0de67-fab7-40ac-bb72-d2184ac0009b"}}}},"apiTier":"Standard","isCustomApiConnection":false,"actions":["providers/PowerPlatform.Governance/Operations/Read","providers/PowerPlatform.Governance/Operations/Write","providers/PowerPlatform.Governance/Operations/Delete"]},"afac7eec-7f67-4d91-b034-d3936ceff577":{"id":"579c536f-a287-4154-a86d-0513957e028e","displayName":"SharePoint","iconUri":"https://connectoricons-prod.azureedge.net/u/jayawan/releases/v1.0.1697/1.0.1697.3786/sharepointonline/icon.png","dataSources":["GW List"],"dependencies":[],"dependents":[],"parameterHints":{},"parameterHintsV2":{},"isOnPremiseConnection":false,"bypassConsent":false,"dataSets":{"https://caltrans.sharepoint.com/sites/DOTHQDESOGDSDPM":{"dataSources":{"GW List":{"tableName":"7167b58a-d0b6-43cd-b542-0f534129df14"}}}},"apiTier":"Standard","isCustomApiConnection":false,"actions":["providers/PowerPlatform.Governance/Operations/Read","providers/PowerPlatform.Governance/Operations/Delete"]}},"databaseReferences":{},"almMode":"Environment","performanceOptimizationEnabled":true,"canConsumeAppPass":true,"enableModernRuntimeMode":false,"executionRestrictions":{"isTeamsOnly":false,"dataLossPreventionEvaluationResult":{"status":"Compliant","lastEvaluationDate":"2024-06-17T05:57:34.6573317Z","violations":[],"violationsByPolicy":[],"violationErrorMessage":"The app uses the following connectors: ."}}},"appType":"ClassicCanvasApp","appComponents":[]}}